ROILimits_1,ROILimits_2,Value
232.647815437421,232.647815437421,1
231,441,1
920,1159,1
1560,1759,1
2220,2482,1
2871,3085,1
3583,3797,1
4370,4583,1
4974,5187,1
5659,5857,1
