ROILimits_1,ROILimits_2,Value
411,527,1
2294,2379,1
3320,3420,1
4556.49259768637,4656.49259768637,1
5653,5778,1
6637,6735,1
7556,7673,1
8605,8715,1
